Epoch,PSNR,SSIM
1,27.365660184900378,0.9528827074827859
2,28.391285082043673,0.967950923461467
3,28.75408797011089,0.9704168241471052
